n,keys,algo,compares,moves,millis,maxDepth,sorted,stable
32000,2,mergeSort,355490,873018,4.44,16,1,1
32000,2,quickSort,256013572,143577,471.219,16117,1,0
32000,2,heapSort,447108,650481,3.794,1,1,0
32000,8,mergeSort,438475,907018,5.475,16,1,1
32000,8,quickSort,64114031,300228,148.658,4107,1,0
32000,8,heapSort,767740,1181064,6.985,1,1,0
32000,64,mergeSort,457873,914374,6.436,16,1,1
32000,64,quickSort,8210237,378921,16.916,561,1,0
32000,64,heapSort,851538,1334067,8.651,1,1,0
32000,512,mergeSort,459418,914486,7.491,16,1,1
32000,512,quickSort,1354080,569841,7.443,97,1,0
32000,512,heapSort,859027,1350525,9.683,1,1,0
32000,4096,mergeSort,459899,915274,8.574,16,1,1
32000,4096,quickSort,612465,775725,8.355,42,1,0
32000,4096,heapSort,859329,1351647,15.03,1,1,0
32000,32768,mergeSort,459875,914774,11.591,16,1,1
32000,32768,quickSort,563085,909156,6.259,34,1,0
32000,32768,heapSort,859381,1351590,9.287,1,1,0
