scope,input,n,algo,millis,compares,moves,extraBytes,maxDepth,sorted,stable
kinds,random,4000,mergeSort,0.764,45482,90346,32008,13,1,1
kinds,random,4000,quickSort,0.612,52890,86187,8,29,1,1
kinds,random,4000,heapSort,0.911,83455,133131,8,1,1,1
kinds,sorted,4000,mergeSort,0.024,3999,0,32008,13,1,1
kinds,sorted,4000,quickSort,0.202,51021,12024,8,27,1,1
kinds,sorted,4000,heapSort,0.805,86576,141426,8,1,1,1
kinds,reversed,4000,mergeSort,0.462,28175,95808,32008,13,1,1
kinds,reversed,4000,quickSort,0.371,54314,62772,8,27,1,1
kinds,reversed,4000,heapSort,0.765,80151,124308,8,1,1,1
kinds,few-unique,4000,mergeSort,0.633,43767,89342,32008,13,1,1
kinds,few-unique,4000,quickSort,2.322,1011301,29889,8,532,1,0
kinds,few-unique,4000,heapSort,0.926,75542,116982,8,1,1,0
growth,random,1000,mergeSort,0.204,9350,18490,8008,11,1,1
growth,random,1000,quickSort,0.147,11293,17400,8,22,1,1
growth,random,1000,heapSort,0.217,16808,27156,8,1,1,1
growth,random,4000,mergeSort,0.983,45482,90346,32008,13,1,1
growth,random,4000,quickSort,0.707,52890,86187,8,29,1,1
growth,random,4000,heapSort,0.919,83455,133131,8,1,1,1
growth,random,16000,mergeSort,3.889,214013,425542,128008,15,1,1
growth,random,16000,quickSort,3.259,268188,396663,8,32,1,1
growth,random,16000,heapSort,4.611,397756,627933,8,1,1,1
growth,random,64000,mergeSort,22.503,983890,1958226,512008,17,1,1
growth,random,64000,quickSort,17.444,1233670,1993422,8,39,1,1
growth,random,64000,heapSort,25.247,1846772,2895192,8,1,1,1
growth,random,256000,mergeSort,92.423,4446613,8855078,2048008,19,1,1
growth,random,256000,quickSort,63.459,5779281,8122437,8,44,1,0
growth,random,256000,heapSort,98.727,8411329,13117575,8,1,1,0
